Ccode,Year,ind,hum,lnpat,lngdp,inn,Qua,Mea,The level of science and education,The administrative level
1,2019,0.4081 ,0.1786 ,10.42462978,9.862255295,0,0,0,1,1
1,2020,0.4127 ,0.1158 ,10.82424828,11.66090235,0,0,0,1,1
1,2021,0.4273 ,0.1055 ,11.04855395,11.51853968,1,0,0,1,1
1,2022,0.4265 ,0.1096 ,10.85959497,11.5280899,1,8,0,1,1
1,2023,0.4191 ,0.1142 ,10.60157252,11.5726729,6,21,102,1,1
2,2019,0.3392 ,0.0440 ,11.78840337,9.706377178,25,2,0,1,1
2,2020,0.3575 ,0.0454 ,12.00150548,12.02956396,2,4,0,1,1
2,2021,0.3474 ,0.0461 ,12.2010601,12.12248993,32,18,0,1,1
2,2022,0.3332 ,0.0474 ,12.21959086,12.15525818,8,21,0,1,1
2,2023,0.3261 ,0.0491 ,12.17547425,12.20778114,17,45,25,1,1
3,2019,0.2914 ,0.0523 ,8.293299359,9.038206494,0,0,0,1,1
3,2020,0.3407 ,0.0669 ,8.938006576,11.45054674,0,0,0,1,1
3,2021,0.3443 ,0.0611 ,9.142703723,11.42027275,0,0,0,1,1
3,2022,0.2717 ,0.0620 ,8.992308733,11.47343592,0,0,0,1,1
3,2023,0.2746 ,0.0605 ,8.811652248,11.5233064,0,4,9,1,1
4,2019,0.2904 ,0.0392 ,10.96472675,9.108374089,0,0,0,1,1
4,2020,0.3116 ,0.0417 ,11.23056255,11.4095024,19,3,0,1,1
4,2021,0.2965 ,0.0488 ,11.49170183,11.64160008,0,2,0,1,1
4,2022,0.2913 ,0.0488 ,11.17745273,11.68519669,1,4,0,1,1
4,2023,0.3031 ,0.0510 ,10.98867682,11.71829202,1,9,102,1,1
5,2019,0.3483 ,0.0290 ,10.68898599,8.930031054,8,0,0,1,1
5,2020,0.3590 ,0.0320 ,10.92233487,11.29011111,0,18,0,1,1
5,2021,0.3565 ,0.0311 ,11.24111674,11.37227162,1,29,0,1,1
5,2022,0.3560 ,0.0365 ,11.10495723,11.41518032,3,32,0,1,1
5,2023,0.3221 ,0.0380 ,10.89858946,11.4559166,4,6,23,1,1
6,2019,0.2237 ,0.0510 ,9.587886,8.959375882,1,0,0,1,1
6,2020,0.2386 ,0.0612 ,9.959537018,11.27678013,0,0,0,1,1
6,2021,0.2364 ,0.0581 ,10.28370323,11.28891904,0,3,0,1,1
6,2022,0.2350 ,0.0596 ,10.21804279,11.34313309,6,2,0,1,1
6,2023,0.2464 ,0.0585 ,10.18244417,11.39408821,2,5,0,1,1
7,2019,0.3019 ,0.1032 ,10.91516119,9.710836833,24,0,0,1,1
7,2020,0.3059 ,0.1079 ,11.24272961,12.06805176,26,0,0,1,1
7,2021,0.3074 ,0.0917 ,11.42915248,12.07531455,42,3,0,1,1
7,2022,0.3006 ,0.1032 ,11.37251331,12.0978692,48,0,0,1,1
7,2023,0.2916 ,0.1062 ,11.1390317,12.12027028,14,8,14,1,1
8,2019,0.1393 ,0.0227 ,11.30399296,9.792215152,3,0,0,1,0
8,2020,0.1421 ,0.0245 ,9.201198714,12.14225013,0,0,0,1,0
8,2021,0.1373 ,0.0216 ,9.388402872,12.08672589,1,2,0,1,0
8,2022,0.1401 ,0.0228 ,9.931151357,12.15976061,0,8,0,1,0
8,2023,0.1504 ,0.0227 ,10.14211067,12.15979308,11,39,28,1,0
9,2019,0.2215 ,0.0112 ,10.51891641,8.868314744,0,0,0,0,0
9,2020,0.2340 ,0.0130 ,10.86281862,11.21020623,0,0,0,0,0
9,2021,0.2377 ,0.0142 ,11.02374717,11.27837965,0,1,0,0,0
9,2022,0.2532 ,0.0152 ,10.9241383,11.32912281,1,1,0,0,0
9,2023,0.2432 ,0.0157 ,10.79343431,11.409801,0,2,0,0,0
10,2019,0.2113 ,0.0151 ,10.23174759,9.32261493,6,0,0,0,0
10,2020,0.2216 ,0.0240 ,8.160518247,11.65078708,0,0,0,0,0
10,2021,0.2193 ,0.0221 ,10.62861778,11.6739638,0,0,0,0,0
10,2022,0.2217 ,0.0220 ,10.57387775,11.71253014,0,1,0,0,0
10,2023,0.2226 ,0.0222 ,10.50232405,11.75373941,0,12,9,0,0
11,2019,0.2121 ,0.0061 ,10.20121896,9.029777268,0,0,0,0,0
11,2020,0.2195 ,0.0065 ,10.45817694,11.35712135,0,0,0,0,0
11,2021,0.2373 ,0.0064 ,10.57819068,11.37679642,0,0,0,0,0
11,2022,0.2079 ,0.0067 ,10.50660061,11.41532366,0,1,0,0,0
11,2023,0.2156 ,0.0069 ,10.28315611,11.44519604,0,1,9,0,0
12,2019,0.4336 ,0.0655 ,10.31708616,9.34925848,0,0,0,1,1
12,2020,0.4440 ,0.0789 ,10.62264355,11.71728033,0,0,0,1,1
12,2021,0.4452 ,0.0770 ,10.89382768,11.71014384,0,3,0,1,1
12,2022,0.4673 ,0.0780 ,10.99036458,11.7507921,0,5,0,1,1
12,2023,0.4161 ,0.0783 ,10.98529272,11.7871638,3,27,47,1,1
13,2019,0.4129 ,0.0406 ,10.04381455,9.544989519,0,0,0,1,0
13,2020,0.4331 ,0.0440 ,10.29546207,11.91043676,0,0,0,1,0
13,2021,0.4535 ,0.0386 ,10.50605335,11.81886485,1,3,0,1,0
13,2022,0.4503 ,0.0402 ,10.55690589,11.90346643,0,2,0,1,0
13,2023,0.4566 ,0.0426 ,10.35628144,11.9314288,3,69,9,1,0
14,2019,0.2393 ,0.0486 ,10.56455049,9.433299906,0,0,0,1,0
14,2020,0.2419 ,0.0453 ,10.55968544,11.77939636,21,0,0,1,0
14,2021,0.2332 ,0.0452 ,10.74954893,11.84816122,4,9,0,1,0
14,2022,0.2399 ,0.0460 ,9.583488879,11.88742952,5,7,0,1,0
14,2023,0.2428 ,0.0474 ,9.654000026,11.93419916,9,16,49,1,0
15,2019,0.6396 ,0.1043 ,10.57791052,9.59155377,0,0,0,1,1
15,2020,0.6782 ,0.1099 ,10.98398679,11.8442433,40,0,0,1,1
15,2021,0.6938 ,0.1045 ,11.36649987,11.87540652,10,0,0,1,1
15,2022,0.7249 ,0.0977 ,11.40155806,11.83656572,4,11,0,1,1
15,2023,0.6823 ,0.0997 ,11.2096017,11.88900158,18,43,89,1,1
16,2019,0.2245 ,0.0827 ,11.55993309,9.644561371,2,0,0,1,1
16,2020,0.2381 ,0.0938 ,11.95761129,12.00445756,1,0,0,1,1
16,2021,0.2501 ,0.0832 ,12.14950229,11.92272118,19,3,0,1,1
16,2022,0.2609 ,0.0878 ,11.89750736,11.94026295,8,10,47,1,1
16,2023,0.2702 ,0.0876 ,11.679287,11.99556536,28,10,0,1,1
17,2019,0.1620 ,0.0084 ,12.02340503,9.905325862,11,0,0,1,0
17,2020,0.1727 ,0.0094 ,12.52984674,12.1819345,21,0,0,1,0
17,2021,0.1768 ,0.0082 ,12.53960127,12.06644269,12,9,0,1,0
17,2022,0.1928 ,0.0088 ,12.52733697,12.11826823,8,14,19,1,0
17,2023,0.2065 ,0.0091 ,12.36776623,12.18555999,3,17,63,1,0
18,2019,0.0574 ,0.0159 ,10.98099537,9.486266109,0,0,0,0,0
18,2020,0.0657 ,0.0182 ,11.21006207,11.79492289,0,0,0,0,0
18,2021,0.0724 ,0.0161 ,11.47716356,11.75739206,0,1,0,0,0
18,2022,0.0776 ,0.0174 ,9.060331105,11.79159454,0,13,19,0,0
18,2023,0.0816 ,0.0164 ,11.37849081,11.84211194,0,6,18,0,0
19,2019,0.3822 ,0.0586 ,10.83515939,9.236037358,15,0,0,1,1
19,2020,0.1187 ,0.0626 ,11.08908761,11.57917405,25,0,0,1,1
19,2021,0.1158 ,0.0526 ,11.38978561,11.46235822,6,3,0,1,1
19,2022,0.1329 ,0.0549 ,11.33399017,11.4951891,20,2,0,1,1
19,2023,0.1287 ,0.0558 ,11.16339636,11.550154,28,9,12,1,1
20,2019,0.4843 ,0.0870 ,10.43772692,9.139671096,0,0,0,1,1
20,2020,0.5114 ,0.0895 ,10.6307221,11.49481669,0,0,0,1,1
20,2021,0.5056 ,0.0755 ,11.06868315,11.320202,4,6,0,1,1
20,2022,0.5225 ,0.0787 ,10.96897385,11.3991967,1,9,6,1,1
20,2023,0.5412 ,0.0796 ,10.84242001,11.43409446,5,8,0,1,1
21,2019,0.4755 ,0.0793 ,10.02144835,9.531546675,0,0,0,1,1
21,2020,0.4990 ,0.0831 ,10.40462641,11.88206208,18,0,0,1,1
21,2021,0.5142 ,0.0722 ,10.70490601,11.78992064,9,0,0,1,1
21,2022,0.5271 ,0.0745 ,10.72770685,11.82325904,5,2,0,1,1
21,2023,0.5329 ,0.0763 ,10.54270639,11.83163422,9,8,16,1,1
22,2019,0.0786 ,0.0777 ,6.705639095,9.097026087,0,0,0,1,1
22,2020,0.0581 ,0.0794 ,8.611229833,11.39952079,0,0,0,1,1
22,2021,0.0637 ,0.0739 ,8.797850649,11.41282885,0,0,0,1,1
22,2022,0.0677 ,0.0751 ,8.75636756,11.46286299,0,0,0,1,1
22,2023,0.0675 ,0.0782 ,8.710619528,11.58107689,1,1,0,1,1
23,2019,0.7856 ,0.1108 ,8.923191491,9.108163671,0,0,0,1,1
23,2020,0.8215 ,0.1163 ,7.722234745,11.44124191,0,0,0,1,1
23,2021,0.7383 ,0.0951 ,7.943427768,11.47492241,0,0,0,1,1
23,2022,0.7575 ,0.1069 ,8.232440158,11.54599267,0,0,0,1,1
23,2023,0.7654 ,0.1013 ,8.455530531,11.53813219,0,1,0,1,1
24,2019,0.1049 ,0.0416 ,9.431802511,9.21243817,0,0,0,1,0
24,2020,0.1169 ,0.0465 ,9.778094383,11.51911775,0,0,0,1,0
24,2021,0.1210 ,0.0530 ,10.06509607,11.56215363,13,4,0,1,0
24,2022,0.0963 ,0.0527 ,10.14537435,11.63125946,0,0,0,1,0
24,2023,0.0975 ,0.0523 ,10.21405573,11.66341548,0,2,0,1,0
25,2019,0.2048 ,0.0217 ,11.5187783,9.662294586,0,0,0,1,0
25,2020,0.2139 ,0.0223 ,11.84796811,11.97906941,11,4,0,1,0
25,2021,0.2137 ,0.0297 ,12.09681566,12.06504465,10,11,0,1,0
25,2022,0.2077 ,0.0321 ,12.08953883,12.0973788,9,10,0,1,0
25,2023,0.2128 ,0.0336 ,11.97728821,12.15852957,12,8,0,1,0
26,2019,0.2977 ,0.0431 ,11.02789753,9.60500739,3,0,0,1,1
26,2020,0.3057 ,0.0532 ,9.760078969,11.9541063,0,0,0,1,1
26,2021,0.3081 ,0.0489 ,9.417354541,11.9269538,3,0,0,1,1
26,2022,0.3059 ,0.0503 ,10.30895266,11.94284901,6,1,0,1,1
26,2023,0.2792 ,0.0514 ,10.37349118,11.99584328,13,4,0,1,1
27,2019,0.2471 ,0.0183 ,10.76257281,9.549010192,0,0,0,1,0
27,2020,0.2462 ,0.0207 ,11.01862914,11.88632492,0,0,0,1,0
27,2021,0.2260 ,0.0195 ,11.1844214,11.95076095,0,0,0,1,0
27,2022,0.2182 ,0.0200 ,11.23848862,12.01136469,0,0,0,1,0
27,2023,0.2210 ,0.0207 ,11.06663836,12.04978479,0,0,0,1,0
28,2019,0.5025 ,0.0476 ,9.865889522,9.396105991,0,0,0,1,1
28,2020,0.5204 ,0.0512 ,10.14780534,11.76338679,0,0,0,1,1
28,2021,0.5157 ,0.0564 ,10.30875264,11.82123336,0,1,0,1,1
28,2022,0.5094 ,0.0545 ,10.27235783,11.89258034,0,3,0,1,1
28,2023,0.5107 ,0.0573 ,10.06666876,11.93842762,4,0,0,1,1
29,2019,0.3721 ,0.0862 ,10.13293122,9.276773971,0,0,0,1,1
29,2020,0.3696 ,0.1010 ,10.61895869,11.64247492,0,2,0,1,1
29,2021,0.3609 ,0.0751 ,9.012864567,11.72581664,0,9,0,1,1
29,2022,0.3709 ,0.0718 ,9.380336279,11.76581421,0,3,0,1,1
29,2023,0.3741 ,0.0734 ,9.524640032,11.81673437,7,1,0,1,1
30,2019,0.1547 ,0.0198 ,8.012018239,8.879347098,0,0,0,1,0
30,2020,0.1934 ,0.0680 ,9.081938657,11.26211481,0,0,0,1,0
30,2021,0.1488 ,0.0622 ,9.520175249,11.17296716,0,0,0,1,0
30,2022,0.1545 ,0.0650 ,9.484024935,11.20314774,0,0,0,1,0
30,2023,0.1356 ,0.0683 ,9.463353357,11.29261826,0,0,0,1,0
31,2019,0.1138 ,0.1568 ,8.757469141,8.930494185,0,0,0,1,1
31,2020,0.1195 ,0.1605 ,9.136586183,11.24044985,0,0,0,1,1
31,2021,0.1190 ,0.1349 ,9.343646739,11.21104981,0,0,0,1,1
31,2022,0.1041 ,0.1396 ,9.222268943,11.24289993,0,0,0,1,1
31,2023,0.0992 ,0.1430 ,9.184201714,11.27697754,0,0,0,1,1
32,2019,0.2145 ,0.0518 ,7.954021087,9.084163368,0,0,0,1,1
32,2020,0.2396 ,0.0563 ,7.771910256,11.35819238,0,0,0,1,1
32,2021,0.2202 ,0.0529 ,7.952615112,11.2787968,0,1,0,1,1
32,2022,0.2068 ,0.0558 ,8.176110342,11.38556925,0,0,0,1,1
32,2023,0.1938 ,0.0520 ,8.418918622,11.43726862,0,0,0,1,1
33,2019,0.0961 ,0.0189 ,8.868131714,9.069030232,0,0,0,1,0
33,2020,0.0983 ,0.0217 ,9.337149219,11.41358789,0,0,0,1,0
33,2021,0.1004 ,0.0255 ,9.537699784,11.57697011,0,0,0,1,0
33,2022,0.1018 ,0.0273 ,9.45720045,11.65783933,0,0,0,1,0
33,2023,0.0975 ,0.0291 ,9.317219734,11.68285329,0,0,0,1,0
34,2019,0.1271 ,0.0488 ,8.064007347,8.545450176,0,0,0,1,0
34,2020,0.1482 ,0.0476 ,8.386172929,10.88893114,0,0,0,1,0
34,2021,0.1412 ,0.0483 ,8.537387899,10.98053566,0,0,0,1,0
34,2022,0.1226 ,0.0500 ,8.702676412,11.0187275,0,0,0,1,0
34,2023,0.1173 ,0.0550 ,8.872346979,11.07578856,0,0,0,1,0
35,2019,0.0933 ,0.0263 ,5.641907071,9.148135127,0,0,0,0,0
35,2020,0.1384 ,0.0300 ,8.019612794,11.47435905,0,0,0,0,0
35,2021,0.1345 ,0.0321 ,8.410275909,11.70777653,1,1,0,0,0
35,2022,0.1334 ,0.0331 ,8.343077871,11.83402297,0,0,0,0,0
35,2023,0.1188 ,0.0336 ,8.270013062,11.95500578,0,1,0,0,0
36,2019,0.1141 ,0.0110 ,4.543294782,8.068402959,0,0,0,0,0
36,2020,0.1173 ,0.0153 ,4.094344562,10.3697655,0,0,0,0,0
36,2021,0.1048 ,0.0180 ,4.48863637,10.57625344,0,0,0,0,0
36,2022,0.0893 ,0.0094 ,4.521788577,10.63171226,0,0,0,0,0
36,2023,0.0929 ,0.0177 ,5.105945474,10.70703928,0,0,0,0,0
37,2019,0.0901 ,0.0287 ,7.336936914,8.286121043,0,0,0,0,0
37,2020,0.0879 ,0.0313 ,7.484930283,10.46324333,0,0,0,0,0
37,2021,0.0851 ,0.0367 ,7.760893196,10.65796499,0,0,0,0,0
37,2022,0.0776 ,0.0378 ,7.063903961,10.71457331,0,0,0,0,0
37,2023,0.0910 ,0.0390 ,7.33432935,10.76876432,1,1,0,0,0
38,2019,0.0876 ,0.0182 ,10.5541186,9.797082047,0,0,0,1,0
38,2020,0.0898 ,0.0166 ,8.380685947,12.01853752,0,0,0,1,0
38,2021,0.0866 ,0.0205 ,8.659386957,12.1426535,0,0,0,1,0
38,2022,0.0882 ,0.0222 ,9.040619097,12.19874587,0,2,0,1,0
38,2023,0.0920 ,0.0232 ,9.37160852,12.23725944,0,3,0,1,0
39,2019,0.7228 ,0.0213 ,9.838202086,9.46189255,0,0,0,0,0
39,2020,0.7467 ,0.0243 ,10.25716802,11.79780023,0,0,0,0,0
39,2021,0.7289 ,0.0264 ,10.27304911,11.89717375,0,0,0,0,0
39,2022,0.7401 ,0.0278 ,10.05272619,11.9520252,0,0,0,0,0
39,2023,0.7677 ,0.0322 ,9.872409597,11.99521179,0,3,0,0,0
40,2019,0.2114 ,0.0171 ,9.44169016,8.999989642,0,0,0,1,0
40,2020,0.2131 ,0.0262 ,10.21712973,11.32584778,0,0,0,1,0
40,2021,0.2092 ,0.0273 ,10.64292177,11.40086478,0,1,0,1,0
40,2022,0.2123 ,0.0289 ,10.22343108,11.44745851,0,1,0,1,0
40,2023,0.2139 ,0.0296 ,9.863654652,11.49974812,0,3,0,1,0
41,2019,0.1989 ,0.0183 ,10.39194486,9.33966543,0,0,0,0,0
41,2020,0.1940 ,0.0207 ,10.93223159,11.66334184,0,0,0,0,0
41,2021,0.1944 ,0.0236 ,10.76972632,11.76448542,0,1,0,0,0
41,2022,0.1937 ,0.0242 ,10.6077972,11.82596091,6,3,0,0,0
41,2023,0.2017 ,0.0264 ,10.53249613,11.8284019,2,13,0,0,0
42,2019,0.1373 ,0.0126 ,9.412954632,8.291502762,0,0,0,0,0
42,2020,0.1444 ,0.0129 ,9.775654181,10.53784976,0,0,0,0,0
42,2021,0.1454 ,0.0153 ,9.893437217,10.74682042,0,1,0,0,0
42,2022,0.1484 ,0.0166 ,9.661415991,10.82723045,0,1,0,0,0
42,2023,0.1612 ,0.0193 ,9.481130577,10.84437333,0,0,0,0,0
43,2019,0.0989 ,0.0332 ,9.068892008,9.282335399,0,0,0,0,0
43,2020,0.0986 ,0.0350 ,7.470793774,11.60371946,0,0,0,0,0
43,2021,0.0974 ,0.0377 ,7.818832444,11.71750578,0,1,0,0,0
43,2022,0.0963 ,0.0392 ,8.260751355,11.80861291,0,3,0,0,0
43,2023,0.0968 ,0.0426 ,8.415603336,11.87736509,0,1,0,0,0
44,2019,0.1543 ,0.0146 ,9.073259831,8.563370421,0,0,0,0,0
44,2020,0.0984 ,0.0169 ,9.495519314,10.8927499,0,0,0,0,0
44,2021,0.1524 ,0.0181 ,9.744433203,11.01280896,0,1,0,0,0
44,2022,0.1569 ,0.0190 ,9.721125995,11.06275584,0,0,0,0,0
44,2023,0.1627 ,0.0205 ,9.474165108,11.10554127,0,0,0,0,0
45,2019,0.0860 ,0.0149 ,7.836764783,8.472736298,0,0,0,0,0
45,2020,0.0881 ,0.0150 ,8.609772373,10.76125598,0,0,0,0,0
45,2021,0.0851 ,0.0168 ,8.446556112,10.89659117,0,0,0,0,0
45,2022,0.0891 ,0.0178 ,8.273336599,10.95306715,0,0,0,0,0
45,2023,0.0566 ,0.0191 ,8.134760782,10.91191525,0,0,0,0,0
46,2019,0.1458 ,0.0092 ,7.809135398,8.782813687,0,0,0,0,0
46,2020,0.1310 ,0.0117 ,8.332067707,11.14670987,0,0,0,0,0
46,2021,0.1559 ,0.0119 ,8.536603585,11.37582199,0,0,0,0,0
46,2022,0.1608 ,0.0119 ,8.357493813,11.44535301,0,0,0,0,0
46,2023,0.1683 ,0.0126 ,8.217168596,11.44982378,0,0,0,0,0
47,2019,0.2735 ,0.0021 ,8.190354404,8.334327487,0,0,0,0,0
47,2020,0.2841 ,0.0171 ,8.13739583,10.64833851,0,0,0,0,0
47,2021,0.2717 ,0.0239 ,8.288283045,10.83960052,0,0,0,0,0
47,2022,0.2502 ,0.0266 ,8.363575703,10.87447478,0,0,0,0,0
47,2023,0.2440 ,0.0271 ,8.653819789,10.89528364,0,0,0,0,0
48,2019,0.1618 ,0.0119 ,8.103796713,8.378069046,0,0,0,0,0
48,2020,0.2171 ,0.0146 ,8.428143375,10.70691727,0,0,0,0,0
48,2021,0.1746 ,0.0154 ,8.576593535,10.90286865,0,0,0,0,0
48,2022,0.1505 ,0.0163 ,8.319473692,10.90928987,0,0,0,0,0
48,2023,0.1407 ,0.0150 ,8.01763716,10.94441299,0,0,0,0,0
49,2019,0.2243 ,0.0425 ,7.944137491,8.328523528,0,0,0,0,0
49,2020,0.1531 ,0.0530 ,8.320448114,10.63759048,0,0,0,0,0
49,2021,0.1580 ,0.0568 ,8.653296274,10.75327517,0,1,0,0,0
49,2022,0.1547 ,0.0558 ,8.632840615,10.80381149,0,0,0,0,0
49,2023,0.1503 ,0.0625 ,8.493515064,10.83790087,0,0,0,0,0
50,2019,0.0630 ,0.0196 ,7.180069874,9.077837022,0,0,0,0,0
50,2020,0.0598 ,0.0779 ,7.344719054,11.39493317,0,0,0,0,0
50,2021,0.0456 ,0.0589 ,7.398174093,11.29386108,0,0,0,0,0
50,2022,0.0427 ,0.0671 ,7.33432935,11.28871885,0,0,0,0,0
50,2023,0.0426 ,0.0629 ,7.444248649,11.42002719,0,0,0,0,0
51,2019,0.8214 ,0.0178 ,7.567862605,8.479158974,0,0,0,0,0
51,2020,0.6957 ,0.0177 ,7.169350017,10.81753577,0,0,0,0,0
51,2021,0.6942 ,0.0083 ,8.33423143,10.94165958,0,0,0,0,0
51,2022,0.7012 ,0.0248 ,8.186185994,11.01974328,0,3,0,0,0
51,2023,0.4523 ,0.0230 ,8.239593454,11.06575094,0,3,0,0,0
52,2019,0.3117 ,0.0086 ,8.163940955,9.099364118,0,0,0,0,0
52,2020,0.2953 ,0.0104 ,8.429454277,11.42049631,0,0,0,0,0
52,2021,0.2914 ,0.0112 ,8.56522116,11.40548501,0,0,0,0,0
52,2022,0.2964 ,0.0123 ,8.400434631,11.48019564,0,1,0,0,0
52,2023,0.3221 ,0.0170 ,8.162801353,11.47200253,0,1,0,0,0
53,2019,0.0593 ,0.0147 ,11.0090589,9.3239101,5,0,0,0,0
53,2020,0.0689 ,0.0159 ,11.21590661,11.64402215,0,0,0,0,0
53,2021,0.0775 ,0.0132 ,11.4571273,11.54811885,1,0,0,0,0
53,2022,0.0858 ,0.0144 ,9.27799902,11.57369125,0,6,6,0,0
53,2023,0.0933 ,0.0152 ,11.30364784,11.60452075,0,1,0,0,0
54,2019,0.2576 ,0.0238 ,10.12093491,9.656742668,0,0,0,0,0
54,2020,0.2590 ,0.0275 ,8.620832226,11.90416318,14,0,0,0,0
54,2021,0.2490 ,0.0297 ,10.92347141,12.02461671,6,0,0,0,0
54,2022,0.2202 ,0.0322 ,10.88111794,12.09090307,2,2,0,0,0
54,2023,0.2254 ,0.0322 ,10.6656476,12.14696331,22,1,0,0,0
55,2019,0.8099 ,0.0206 ,10.20114471,9.344101738,0,0,0,0,0
55,2020,0.7546 ,0.0221 ,10.47937031,11.64262829,0,0,0,0,0
55,2021,0.7183 ,0.0240 ,10.55302239,11.76334171,0,1,0,0,0
55,2022,0.6880 ,0.0249 ,10.4097327,11.83248404,0,1,0,0,0
55,2023,0.6545 ,0.0258 ,10.11277556,11.88825035,0,0,0,0,0
56,2019,0.1741 ,0.0254 ,9.659949949,8.710949126,0,0,0,0,0
56,2020,0.1726 ,0.0269 ,10.04324949,11.01468696,0,0,0,0,0
56,2021,0.1594 ,0.0313 ,10.27014253,11.22069975,0,0,0,0,0
56,2022,0.1493 ,0.0326 ,10.31639159,11.2609837,0,1,0,0,0
56,2023,0.1515 ,0.0359 ,9.931588983,11.30439955,0,0,0,0,0
57,2019,0.3165 ,0.0094 ,9.662243674,8.975883061,0,0,0,0,0
57,2020,0.3198 ,0.0100 ,9.977341921,11.32156821,0,0,0,0,0
57,2021,0.3111 ,0.0111 ,10.2170201,11.49902936,0,0,0,0,0
57,2022,0.3135 ,0.0152 ,10.11074559,11.56657049,0,2,0,0,0
57,2023,0.3247 ,0.0153 ,9.930080797,11.61436329,0,1,0,0,0
58,2019,0.0837 ,0.0066 ,7.088408779,9.401142533,0,0,0,0,0
58,2020,0.0969 ,0.0120 ,7.546974118,12.10523522,0,0,0,0,0
58,2021,0.0816 ,0.0093 ,8.039802344,11.91658895,0,0,0,0,0
58,2022,0.0730 ,0.0110 ,8.226305988,12.10495312,0,0,0,0,0
58,2023,0.0738 ,0.0127 ,8.183118079,12.1864178,0,0,0,0,0
59,2019,0.1391 ,0.0102 ,8.599510234,8.275799069,0,0,0,0,0
59,2020,0.1286 ,0.0111 ,8.92225822,10.5747707,0,0,0,0,0
59,2021,0.1343 ,0.0130 ,9.178540059,10.70712457,0,1,0,0,0
59,2022,0.1428 ,0.0136 ,8.997270906,10.76435014,0,0,0,0,0
59,2023,0.1529 ,0.0144 ,8.76950712,10.76958901,0,0,0,0,0
60,2019,0.6736 ,0.0142 ,9.609452006,9.312228867,0,0,0,0,0
60,2020,0.6929 ,0.0148 ,9.1902397,11.64916818,0,0,0,0,0
60,2021,0.6648 ,0.0156 ,9.288319413,11.80038001,0,0,0,0,0
60,2022,0.6740 ,0.0163 ,9.449750896,11.86099448,0,1,0,0,0
60,2023,0.6858 ,0.0172 ,9.679280936,11.91442619,0,0,0,0,0
61,2019,0.0378 ,0.0062 ,7.367708572,9.756656684,0,0,0,0,0
61,2020,0.0337 ,0.0109 ,7.918628653,12.48634861,0,0,0,0,0
61,2021,0.0307 ,0.0078 ,8.128880142,12.29371257,0,0,0,0,0
61,2022,0.0338 ,0.0092 ,8.326032686,12.46335479,0,0,0,0,0
61,2023,0.0385 ,0.0110 ,8.295798111,12.49056771,0,1,0,0,0
62,2019,0.1472 ,0.0176 ,9.102086787,9.125827689,0,0,0,0,0
62,2020,0.1060 ,0.0054 ,9.409191231,11.40645322,0,0,0,0,0
62,2021,0.1555 ,0.0193 ,9.490620115,11.50606196,1,2,0,0,0
62,2022,0.1533 ,0.0198 ,10.67690049,11.63120615,0,1,0,0,0
62,2023,0.1204 ,0.0212 ,10.75820071,11.63542067,0,1,0,0,0
63,2019,0.1360 ,0.0312 ,9.444542551,9.463725987,0,0,0,0,0
63,2020,0.1416 ,0.0334 ,9.893437217,11.78638944,27,0,0,0,0
63,2021,0.1355 ,0.0503 ,10.02989991,11.90761944,0,0,0,0,0
63,2022,0.1346 ,0.0422 ,9.910413513,11.95637334,1,0,0,0,0
63,2023,0.1399 ,0.0446 ,9.650078074,12.00376562,0,0,0,0,0
64,2019,0.3601 ,0.0154 ,8.945853857,8.968039485,0,0,0,0,0
64,2020,0.3620 ,0.0236 ,9.373139262,11.30967608,0,0,0,0,0
64,2021,0.3469 ,0.0256 ,9.604474864,11.51075311,0,0,0,0,0
64,2022,0.3565 ,0.0295 ,9.360827205,11.55214618,0,0,0,0,0
64,2023,0.3553 ,0.0287 ,9.047939083,11.60956249,0,1,0,0,0
65,2019,0.2751 ,0.0258 ,8.151621647,9.034187594,0,0,0,0,0
65,2020,0.2785 ,0.0253 ,9.271717652,11.2656429,0,0,0,0,0
65,2021,0.2689 ,0.0282 ,9.679218368,11.39846814,0,2,0,0,0
65,2022,0.2761 ,0.0289 ,9.679468618,11.4454279,0,1,0,0,0
65,2023,0.2838 ,0.0293 ,9.879553402,11.48182347,0,0,0,0,0
66,2019,0.0947 ,0.0066 ,8.533263372,8.266292963,0,0,0,0,0
66,2020,0.0885 ,0.0076 ,8.97055918,10.56790084,0,0,0,0,0
66,2021,0.0849 ,0.0089 ,8.974238219,10.7186311,0,0,0,0,0
66,2022,0.0854 ,0.0095 ,9.070158341,10.78251246,0,0,0,0,0
66,2023,0.0853 ,0.0104 ,9.215526899,10.84769029,0,0,0,0,0
67,2019,0.2186 ,0.0047 ,8.973351414,8.744551847,0,0,0,0,0
67,2020,0.2192 ,0.0058 ,9.543951376,11.09843919,0,0,0,0,0
67,2021,0.2064 ,0.0060 ,9.745546364,11.21894359,0,0,0,0,0
67,2022,0.1981 ,0.0067 ,8.624252264,11.31739708,0,0,0,0,0
67,2023,0.1991 ,0.0070 ,8.409162447,11.38960564,0,1,0,0,0
68,2019,0.1387 ,0.0072 ,8.307212627,8.204863172,0,0,0,0,0
68,2020,0.1440 ,0.0075 ,8.818334284,10.54746497,0,0,0,0,0
68,2021,0.1394 ,0.0084 ,9.044993919,10.68574391,0,0,0,0,0
68,2022,0.1431 ,0.0090 ,8.979542602,10.74473141,0,0,0,0,0
68,2023,0.1340 ,0.0097 ,8.800264651,10.76250695,0,0,0,0,0
69,2019,0.1738 ,0.0106 ,8.519590316,8.847819804,0,0,0,0,0
69,2020,0.1670 ,0.0120 ,9.016027202,11.19335636,0,0,0,0,0
69,2021,0.1601 ,0.0132 ,9.151545325,11.30271048,0,0,0,0,0
69,2022,0.1579 ,0.0207 ,9.022322623,11.37441025,0,1,0,0,0
69,2023,0.1414 ,0.0201 ,8.793763759,11.46014949,0,1,0,0,0
70,2019,0.2059 ,0.0058 ,7.310550159,8.359252003,0,0,0,0,0
70,2020,0.1989 ,0.0063 ,7.749322465,10.77331541,0,0,0,0,0
70,2021,0.2139 ,0.0068 ,7.893572074,10.98223721,0,0,0,0,0
70,2022,0.2307 ,0.0077 ,7.654917048,11.10803519,0,0,0,0,0
70,2023,0.2434 ,0.0079 ,7.590852124,11.16113045,0,0,0,0,0
71,2019,0.1005 ,0.0177 ,9.494165014,8.824060053,0,0,0,0,0
71,2020,0.1045 ,0.0185 ,9.734536215,11.14375145,0,0,0,0,0
71,2021,0.1020 ,0.0217 ,9.965146933,11.22560333,0,1,0,0,0
71,2022,0.1136 ,0.0261 ,9.928228944,11.26398963,0,0,0,0,0
71,2023,0.1272 ,0.0315 ,9.658162296,11.33153667,0,1,0,0,0
72,2019,0.2658 ,0.0094 ,9.70619448,9.230535079,0,0,0,0,0
72,2020,0.2627 ,0.0160 ,9.927106418,11.55809002,0,0,0,0,0
72,2021,0.2239 ,0.0111 ,9.914229649,11.59133915,0,0,0,0,0
72,2022,0.2465 ,0.0115 ,9.84977027,11.63428432,0,0,0,0,0
72,2023,0.2534 ,0.0120 ,9.700759186,11.67539604,0,0,0,0,0
73,2019,0.0849 ,0.0058 ,8.015327309,9.038970625,0,0,0,0,0
73,2020,0.0828 ,0.0065 ,8.317277766,11.40756495,0,0,0,0,0
73,2021,0.0716 ,0.0063 ,8.333991247,11.5132754,0,0,0,0,0
73,2022,0.0668 ,0.0069 ,8.787372989,11.63376161,0,0,0,0,0
73,2023,0.0604 ,0.0067 ,8.723068501,11.7005482,0,0,0,0,0
74,2019,0.2920 ,0.0112 ,7.605890001,8.650131908,0,0,0,0,0
74,2020,0.2543 ,0.0141 ,8.294799359,11.02685668,0,0,0,0,0
74,2021,0.2416 ,0.0084 ,8.709300049,11.13584371,0,0,0,0,0
74,2022,0.2523 ,0.0082 ,8.43468077,11.21661965,0,0,0,0,0
74,2023,0.2544 ,0.0085 ,8.206310726,11.31971067,0,2,0,0,0
75,2019,0.1953 ,0.0058 ,7.68294317,8.214050464,0,0,0,0,0
75,2020,0.1697 ,0.0078 ,7.936660155,10.53788715,0,0,0,0,0
75,2021,0.1749 ,0.0082 ,8.436850439,10.56516987,0,0,0,0,0
75,2022,0.1813 ,0.0089 ,8.193953024,10.61815158,0,0,0,0,0
75,2023,0.1983 ,0.0121 ,8.021584533,10.6224533,0,0,0,0,0
76,2019,0.1081 ,0.0371 ,8.543445563,9.256469857,0,0,0,0,0
76,2020,0.1082 ,0.0388 ,9.048997222,11.55050059,0,0,0,0,0
76,2021,0.1019 ,0.0433 ,9.507106063,11.68716445,0,0,0,0,0
76,2022,0.1030 ,0.0467 ,9.508368736,11.67095433,0,0,0,0,0
76,2023,0.1072 ,0.0473 ,9.311090275,11.69871965,0,0,0,0,0
77,2019,0.2953 ,0.0302 ,8.867850063,8.461447896,0,0,0,0,0
77,2020,0.2815 ,0.0313 ,9.266815219,10.85603307,0,0,0,0,0
77,2021,0.2808 ,0.0327 ,9.567385247,10.85199375,0,0,0,0,0
77,2022,0.2930 ,0.0362 ,9.429636532,10.93565729,0,4,0,0,0
77,2023,0.2451 ,0.0376 ,9.29035231,10.93629332,0,0,0,0,0
78,2019,0.3499 ,0.0057 ,8.530701541,8.210093607,0,0,0,0,0
78,2020,0.3650 ,0.0063 ,8.741296282,10.55920074,0,0,0,0,0
78,2021,0.3557 ,0.0073 ,8.942722331,10.75566634,0,1,0,0,0
78,2022,0.3607 ,0.0085 ,8.699181359,10.84725726,0,0,0,0,0
78,2023,0.3254 ,0.0079 ,8.497398564,10.87537286,0,1,0,0,0
79,2019,0.3734 ,0.0243 ,8.372167419,8.490335127,0,0,0,0,0
79,2020,0.3817 ,0.0241 ,8.813289762,10.80061585,0,0,0,0,0
79,2021,0.3903 ,0.0257 ,9.180705567,10.90932644,0,1,0,0,0
79,2022,0.3980 ,0.0258 ,9.303192989,10.98354543,0,1,0,0,0
79,2023,0.4105 ,0.0293 ,7.357556201,11.02748018,0,0,0,0,0
80,2019,0.0992 ,0.0052 ,8.558143178,8.094134215,0,0,0,0,0
80,2020,0.1034 ,0.0065 ,8.875287128,10.43308586,0,0,0,0,0
80,2021,0.1103 ,0.0071 ,8.935903526,10.53094889,0,0,0,0,0
80,2022,0.1157 ,0.0080 ,8.866299566,10.58595288,0,0,0,0,0
80,2023,0.1207 ,0.0112 ,8.631949429,10.61709107,0,3,8,0,0
81,2019,0.4732 ,0.0082 ,8.354203563,9.224992503,0,0,0,0,0
81,2020,0.4808 ,0.0099 ,8.862908295,11.63413374,0,0,0,0,0
81,2021,0.4979 ,0.0098 ,8.856803357,11.63413374,0,0,0,0,0
81,2022,0.5067 ,0.0097 ,8.726318951,11.70692853,0,1,0,0,0
81,2023,0.5112 ,0.0099 ,8.908559375,11.71311543,0,2,0,0,0
82,2019,0.2648 ,0.0024 ,9.602990383,8.467120205,0,0,0,0,0
82,2020,0.2895 ,0.0028 ,9.996932357,10.78315579,0,0,0,0,0
82,2021,0.2826 ,0.0065 ,10.16723547,10.88314737,0,0,0,0,0
82,2022,0.2495 ,0.0073 ,10.13915238,10.9071296,0,4,0,0,0
82,2023,0.2201 ,0.0076 ,10.0118037,10.95062829,0,1,0,0,0
83,2019,0.1187 ,0.0255 ,8.209036266,8.412188168,0,0,0,0,0
83,2020,0.1036 ,0.0261 ,8.585972707,10.6579972,0,0,0,0,0
83,2021,0.1115 ,0.0308 ,8.867286524,10.85749787,0,0,0,0,0
83,2022,0.1146 ,0.0339 ,8.820404065,10.97734598,0,0,0,0,0
83,2023,0.1155 ,0.0230 ,8.715716128,11.02470149,0,3,0,0,0
84,2019,0.2924 ,0.0532 ,8.364042012,8.945239409,0,0,0,0,0
84,2020,0.3034 ,0.0254 ,8.682538124,11.26325928,0,0,0,0,0
84,2021,0.3535 ,0.0269 ,8.883640233,11.20490462,0,4,0,0,0
84,2022,0.3765 ,0.0301 ,8.901775089,11.21694237,1,0,0,0,0
84,2023,0.2373 ,0.0288 ,8.480944059,11.21644359,1,0,0,0,0
85,2019,0.1741 ,0.0064 ,7.608870629,8.531143798,0,0,0,0,0
85,2020,0.1988 ,0.0069 ,8.01268093,10.87345174,0,0,0,0,0
85,2021,0.1844 ,0.0074 ,8.173293439,10.98850789,0,1,0,0,0
85,2022,0.1907 ,0.0079 ,8.074026216,11.06599753,0,0,0,0,0
85,2023,0.1970 ,0.0096 ,7.963807953,11.11371665,0,1,0,0,0
86,2019,0.3118 ,0.0127 ,7.696667082,9.214790456,0,0,0,0,0
86,2020,0.3272 ,0.0207 ,8.193123722,11.72108532,0,0,0,0,0
86,2021,0.3219 ,0.0201 ,8.463370385,11.6836298,0,1,0,0,0
86,2022,0.3214 ,0.0206 ,8.204945165,11.73931973,0,0,0,0,0
86,2023,0.2859 ,0.0188 ,8.03106018,11.71577488,0,1,0,0,0
87,2019,0.1248 ,0.0135 ,8.27512163,8.217615492,0,0,0,0,0
87,2020,0.1261 ,0.0129 ,8.904901578,10.52215361,0,0,0,0,0
87,2021,0.1245 ,0.0109 ,9.305832353,10.70126498,0,0,0,0,0
87,2022,0.1267 ,0.0110 ,9.403931521,10.75532509,0,0,0,0,0
87,2023,0.1279 ,0.0118 ,9.039077443,10.81129178,0,0,0,0,0
88,2019,0.1897 ,0.0079 ,6.71417053,8.447349958,0,0,0,0,0
88,2020,0.1817 ,0.0061 ,6.799055862,10.89673933,0,0,0,0,0
88,2021,0.2034 ,0.0085 ,7.157735484,11.02203318,0,0,0,0,0
88,2022,0.2152 ,0.0092 ,7.31521839,11.07417241,0,0,0,0,0
88,2023,0.2414 ,0.0098 ,7.153833802,11.09124103,0,0,0,0,0
89,2019,0.4598 ,0.0070 ,7.864035659,8.20778344,0,0,0,0,0
89,2020,0.3801 ,0.0072 ,8.464003363,10.4416462,0,0,0,0,0
89,2021,0.4331 ,0.0084 ,8.713910628,10.67403549,0,2,0,0,0
89,2022,0.4240 ,0.0093 ,8.813141008,10.76762146,0,2,0,0,0
89,2023,0.4070 ,0.0101 ,8.669055541,10.81617259,0,0,0,0,0
90,2019,0.1432 ,0.0103 ,7.220373837,8.465899897,0,0,0,0,0
90,2020,0.1745 ,0.0119 ,7.736743682,10.80671331,0,0,0,0,0
90,2021,0.1393 ,0.0153 ,8.026496939,11.19376649,0,0,0,0,0
90,2022,0.1162 ,0.0171 ,8.568456485,11.39685222,0,0,0,0,0
90,2023,0.1317 ,0.0192 ,7.789454566,11.39989718,0,0,0,0,0
91,2019,0.2303 ,0.0491 ,8.311889558,8.972146633,0,0,0,1,0
91,2020,0.0858 ,0.0581 ,8.344029572,11.31190171,0,0,0,1,0
91,2021,0.2546 ,0.0636 ,8.60043079,11.44408972,0,0,0,1,0
91,2022,0.2691 ,0.0695 ,8.508757713,11.50830481,0,0,0,1,0
91,2023,0.2717 ,0.0737 ,8.328451067,11.52730341,0,1,0,1,0
92,2019,0.1775 ,0.0072 ,6.561030666,8.344576391,0,0,0,0,0
92,2020,0.1883 ,0.0107 ,5.874930731,10.68576815,0,0,0,0,0
92,2021,0.1840 ,0.0106 ,6.025865974,10.94204901,0,1,0,0,0
92,2022,0.1854 ,0.0078 ,6.352629396,11.03624359,0,0,0,0,0
92,2023,0.1757 ,0.0087 ,6.380122537,11.03236567,0,1,0,0,0
93,2019,0.2421 ,0.0050 ,8.247482004,7.979475872,0,0,0,0,0
93,2020,0.2175 ,0.0077 ,8.3854887,10.6632882,0,0,0,0,0
93,2021,0.2645 ,0.0066 ,8.593227878,10.53270936,0,0,0,0,0
93,2022,0.2793 ,0.0069 ,8.399535148,10.60095041,0,0,0,0,0
93,2023,0.2897 ,0.0072 ,8.065893547,10.65867177,0,0,0,0,0
94,2019,0.1677 ,0.0143 ,7.461640392,8.648817767,0,0,0,0,0
94,2020,0.1429 ,0.0153 ,7.613818685,11.023899,0,0,0,0,0
94,2021,0.0692 ,0.0160 ,7.807510042,11.15317437,0,1,0,0,0
94,2022,0.0690 ,0.0160 ,7.596392304,11.20224767,0,2,0,0,0
94,2023,0.1425 ,0.0163 ,7.466799475,11.25963812,0,0,0,0,0
95,2019,0.2657 ,0.0169 ,7.841492924,8.68428266,0,0,0,0,0
95,2020,0.2585 ,0.0166 ,8.309676896,10.93950822,0,0,0,0,0
95,2021,0.2646 ,0.0192 ,8.465689349,11.11860799,0,0,0,0,0
95,2022,0.2598 ,0.0210 ,8.528528701,11.1973102,0,2,0,0,0
95,2023,0.2667 ,0.0222 ,8.725832057,11.2186438,0,0,0,0,0
96,2019,0.1091 ,0.0105 ,7.252053952,7.975564658,0,0,0,0,0
96,2020,0.1270 ,0.0117 ,7.845807503,10.33090983,0,1,0,0,0
96,2021,0.1248 ,0.0150 ,8.042699497,10.66993166,0,0,0,0,0
96,2022,0.1113 ,0.0160 ,7.845416037,10.79238653,0,0,0,0,0
96,2023,0.1123 ,0.0150 ,7.717351272,10.80725985,0,0,0,0,0
97,2019,0.2209 ,0.0052 ,7.483806688,8.152342056,0,0,0,0,0
97,2020,0.2396 ,0.0061 ,8.324093761,10.49119588,0,0,0,0,0
97,2021,0.2633 ,0.0083 ,8.444622499,10.613246,0,0,0,0,0
97,2022,0.2845 ,0.0079 ,8.511577453,10.6391433,0,2,0,0,0
97,2023,0.2926 ,0.0083 ,8.332548939,10.67442529,0,0,0,0,0
98,2019,0.0937 ,0.0092 ,7.865955414,8.856732149,0,0,0,0,0
98,2020,0.0792 ,0.0079 ,8.14815644,11.09429913,0,0,0,0,0
98,2021,0.0775 ,0.0102 ,8.507142856,11.3092536,0,0,0,0,0
98,2022,0.0850 ,0.0112 ,8.576781983,11.36574709,0,0,0,0,0
98,2023,0.0872 ,0.0087 ,8.490438454,11.39852701,0,0,0,0,0
99,2019,0.0992 ,0.0137 ,7.654917048,8.909721647,0,0,0,0,0
99,2020,0.1063 ,0.0156 ,7.954723334,11.22022469,0,0,0,0,0
99,2021,0.1186 ,0.0186 ,8.089175679,11.27739299,0,1,0,0,0
99,2022,0.1298 ,0.0197 ,8.202482447,11.32465424,0,0,0,0,0
99,2023,0.1523 ,0.0217 ,7.990576882,11.35776831,0,0,0,0,0
100,2019,0.0834 ,0.0036 ,7.604396349,8.108683453,0,0,0,0,0
100,2020,0.0789 ,0.0044 ,8.401108712,10.44827973,0,0,0,0,0
100,2021,0.0851 ,0.0050 ,8.299783172,10.58289072,0,0,0,0,0
100,2022,0.0879 ,0.0045 ,8.213923596,10.64813551,0,1,0,0,0
100,2023,0.0890 ,0.0046 ,7.98752448,10.7071333,0,0,0,0,0
101,2019,0.1834 ,0.0099 ,8.14612951,8.369435367,0,0,0,0,0
101,2020,0.1801 ,0.0109 ,8.745761999,10.69482735,0,0,0,0,0
101,2021,0.1717 ,0.0119 ,8.947285869,10.83091603,0,1,0,0,0
101,2022,0.1764 ,0.0117 ,8.965334574,10.87731107,0,1,0,0,0
101,2023,0.1771 ,0.0130 ,8.679822115,10.93873681,0,0,0,0,0
102,2019,0.2377 ,0.0074 ,8.466741648,8.867043276,0,0,0,0,0
102,2020,0.2449 ,0.0076 ,8.78828846,11.21047907,0,0,0,0,0
102,2021,0.2382 ,0.0074 ,8.979668554,11.31767671,0,0,0,0,0
102,2022,0.2480 ,0.0080 ,8.862058677,11.37922263,0,1,0,0,0
102,2023,0.2504 ,0.0085 ,8.755264763,11.43823953,0,0,0,0,0
103,2019,0.1431 ,0.0089 ,8.102283624,8.109104645,0,0,0,0,0
103,2020,0.1576 ,0.0105 ,8.594339401,10.44914929,0,0,0,0,0
103,2021,0.1551 ,0.0044 ,8.800113947,10.68546945,0,0,0,0,0
103,2022,0.1659 ,0.0129 ,8.827614751,10.7245001,0,2,0,0,0
103,2023,0.1673 ,0.0125 ,8.787525626,10.7844031,0,1,0,0,0
104,2019,0.1742 ,0.0209 ,7.614312146,9.364202439,0,0,0,0,0
104,2020,0.1402 ,0.0221 ,7.939158818,11.77990215,0,0,0,0,0
104,2021,0.1227 ,0.0236 ,8.056426768,11.89724865,0,0,0,0,0
104,2022,0.1194 ,0.0225 ,7.916078096,12.02441887,0,0,0,0,0
104,2023,0.1387 ,0.0251 ,7.642524134,12.09823997,0,0,0,0,0
105,2019,0.1995 ,0.0603 ,7.328437353,8.368089753,0,0,0,0,0
105,2020,0.2338 ,0.0655 ,7.803435057,10.67902223,0,0,0,0,0
105,2021,0.1841 ,0.0686 ,8.116417073,10.90665299,0,0,0,0,0
105,2022,0.1881 ,0.0762 ,7.812378206,11.03987721,0,0,0,0,0
105,2023,0.1644 ,0.0731 ,7.777373603,11.02836358,0,0,0,0,0
106,2019,0.3255 ,0.0044 ,8.610319169,8.22504784,0,0,0,0,0
106,2020,0.3454 ,0.0047 ,8.742095196,10.56434163,0,0,0,0,0
106,2021,0.3425 ,0.0197 ,8.872206756,10.81400163,0,1,0,0,0
106,2022,0.3487 ,0.0129 ,8.385032288,10.90312629,0,0,0,0,0
106,2023,0.3604 ,0.0090 ,8.055157732,10.94829357,0,8,0,0,0
107,2019,0.2513 ,0.0091 ,7.484930283,8.333871134,0,0,0,0,0
107,2020,0.2712 ,0.0103 ,7.852050207,10.66258632,0,0,0,0,0
107,2021,0.2802 ,0.0113 ,7.971430998,10.77207853,0,1,0,0,0
107,2022,0.2900 ,0.0122 ,7.826842098,10.83517908,0,0,0,0,0
107,2023,0.3046 ,0.0133 ,7.639161172,10.87686574,0,1,0,0,0
108,2019,0.2655 ,0.0095 ,8.915297945,8.805734894,0,0,0,0,0
108,2020,0.2591 ,0.0178 ,9.359277485,11.15037185,0,0,0,0,0
108,2021,0.2357 ,0.0139 ,9.461876998,11.12912889,0,1,0,0,0
108,2022,0.2504 ,0.0209 ,9.245997049,11.1974473,0,0,0,0,0
108,2023,0.2682 ,0.0277 ,9.035748861,11.26583957,0,0,0,0,0
109,2019,0.1410 ,0.0028 ,7.999007213,8.677149841,0,0,0,0,0
109,2020,0.1568 ,0.0065 ,8.579228582,11.01380095,0,0,0,0,0
109,2021,0.1578 ,0.0072 ,8.842315547,11.20307958,0,1,0,0,0
109,2022,0.1681 ,0.0089 ,8.74049673,11.25005307,0,0,0,0,0
109,2023,0.1695 ,0.0096 ,8.643649615,11.26743993,0,0,0,0,0
110,2019,0.0521 ,0.0034 ,6.894670039,8.783755987,0,0,0,0,0
110,2020,0.1376 ,0.0080 ,6.525029658,10.84616702,0,0,0,0,0
110,2021,0.1225 ,0.0082 ,7.314552832,10.96354957,0,0,0,0,0
110,2022,0.1502 ,0.0085 ,7.359467638,10.95465877,0,0,0,0,0
110,2023,0.1427 ,0.0101 ,7.115582126,11.139422,0,0,0,0,0
111,2019,0.1599 ,0.0093 ,7.080867897,8.244964432,0,0,0,0,0
111,2020,0.1716 ,0.0103 ,7.458762692,10.58552803,0,0,0,0,0
111,2021,0.1658 ,0.0178 ,7.719129841,10.90388043,0,0,0,0,0
111,2022,0.1368 ,0.0170 ,7.43366654,10.99263856,0,0,0,0,0
111,2023,0.1299 ,0.0163 ,7.094234846,11.00826364,0,0,0,0,0
112,2019,0.1373 ,0.0138 ,7.635303886,8.741735858,0,0,0,0,0
112,2020,0.1327 ,0.0160 ,8.206583614,11.00447036,0,0,0,0,0
112,2021,0.1338 ,0.0194 ,8.465057437,11.095241,0,0,0,0,0
112,2022,0.1384 ,0.0206 ,8.336150816,11.18250289,0,1,0,0,0
112,2023,0.1410 ,0.0249 ,8.167919363,11.14942485,0,0,0,0,0
113,2019,0.2796 ,0.0149 ,7.261927093,8.262249328,0,0,0,0,0
113,2020,0.2289 ,0.0105 ,7.632401127,10.58731872,0,0,0,0,0
113,2021,0.2424 ,0.0200 ,8.090708716,10.84214625,0,0,0,0,0
113,2022,0.2531 ,0.0190 ,7.546974118,10.88653933,0,0,0,0,0
113,2023,0.2437 ,0.0198 ,7.21964204,10.97196275,0,0,0,0,0
114,2019,0.3750 ,0.0155 ,7.538494999,8.495376938,0,0,0,0,0
114,2020,0.3386 ,0.0250 ,7.714231145,10.8186977,0,0,0,0,0
114,2021,0.3376 ,0.0343 ,8.162801353,11.07145487,0,0,0,0,0
114,2022,0.3010 ,0.0346 ,7.988882253,11.10242771,0,0,0,0,0
114,2023,0.1933 ,0.0340 ,7.50659178,11.1759058,0,0,0,0,0
115,2019,0.0441 ,0.0097 ,5.863631176,8.456998117,0,0,0,0,0
115,2020,0.0320 ,0.0094 ,6.894670039,10.74605575,0,0,0,0,0
115,2021,0.0333 ,0.0124 ,6.996681488,11.01010108,0,0,0,0,0
115,2022,0.0296 ,0.0131 ,7.102499356,11.14911081,0,0,0,0,0
115,2023,0.0310 ,0.0131 ,6.983789965,11.19595422,0,0,0,0,0
116,2019,0.1036 ,0.0051 ,8.049746291,8.522415054,0,0,0,0,0
116,2020,0.0883 ,0.0051 ,8.529121762,10.87646103,0,0,0,0,0
116,2021,0.0819 ,0.0052 ,8.721439306,10.96957665,0,0,0,0,0
116,2022,0.0723 ,0.0059 ,8.58260633,10.97828518,0,0,0,0,0
116,2023,0.0697 ,0.0058 ,8.542080907,11.0074689,0,0,0,0,0
117,2019,0.1058 ,0.0095 ,6.635946556,7.966686498,0,0,0,0,0
117,2020,0.0857 ,0.0112 ,7.190676034,10.2326474,6,0,0,0,0
117,2021,0.0809 ,0.0145 ,7.558516743,10.53587573,1,0,0,0,0
117,2022,0.0800 ,0.0137 ,8.149601736,10.62735791,0,0,0,0,0
117,2023,0.0809 ,0.0180 ,7.836764783,10.68134346,0,0,0,0,0
118,2019,0.1154 ,0.0378 ,7.005789019,11.01589508,0,0,0,0,0
118,2020,0.1772 ,0.0062 ,7.322510434,11.44896278,0,0,0,0,0
118,2021,0.1885 ,0.0067 ,7.63336965,11.50802347,0,0,0,0,0
118,2022,0.1768 ,0.0066 ,7.542213463,11.5160107,0,0,0,0,0
118,2023,0.1655 ,0.0074 ,7.19518732,11.50938641,0,0,0,0,0
119,2019,0.0469 ,0.0062 ,8.736007385,8.309920473,0,0,0,0,0
119,2020,0.0468 ,0.0072 ,9.085117227,10.62843931,0,0,0,0,0
119,2021,0.0437 ,0.0087 ,9.217315986,10.7880812,0,0,0,0,0
119,2022,0.0456 ,0.0089 ,9.201804041,10.84132449,0,0,0,0,0
119,2023,0.0468 ,0.0093 ,9.088172738,10.87181707,0,0,0,0,0
120,2019,0.1281 ,0.0043 ,7.98480339,8.154122257,0,0,0,0,0
120,2020,0.1258 ,0.0066 ,8.318254329,10.4775164,0,0,0,0,0
120,2021,0.1263 ,0.0086 ,8.459352192,10.71127952,0,0,0,0,0
120,2022,0.1317 ,0.0063 ,8.349957272,10.72733399,0,0,0,0,0
120,2023,0.1397 ,0.0076 ,7.972121129,10.7673083,0,0,0,0,0
121,2019,0.1163 ,0.0034 ,6.900730664,8.562723401,0,0,0,0,0
121,2020,0.0985 ,0.0036 ,7.420578905,10.80728051,0,0,0,0,0
121,2021,0.0927 ,0.0039 ,7.666221926,11.0114064,0,0,0,0,0
121,2022,0.0903 ,0.0041 ,7.569927655,11.09410152,0,0,0,0,0
121,2023,0.0800 ,0.0045 ,7.754052639,11.09721288,0,0,0,0,0
122,2019,0.1801 ,0.0147 ,6.612041035,9.265068248,0,0,0,0,0
122,2020,0.1030 ,0.0154 ,7.158513997,11.44174091,0,0,0,0,0
122,2021,0.0994 ,0.0163 ,7.604396349,11.58636178,0,0,0,0,0
122,2022,0.0918 ,0.0161 ,7.775275846,11.68002339,0,0,0,0,0
122,2023,0.0960 ,0.0165 ,7.775275846,11.68003194,0,1,0,0,0
123,2019,0.2296 ,0.0330 ,7.119635638,8.999187149,0,0,0,0,0
123,2020,0.2376 ,0.0416 ,7.760040681,11.32985563,0,0,0,0,0
123,2021,0.2285 ,0.0487 ,7.918628653,11.47436134,0,0,0,0,0
123,2022,0.2147 ,0.0516 ,7.560080465,11.55550591,0,0,0,0,0
123,2023,0.1734 ,0.0549 ,7.323170718,11.56088385,0,0,0,0,0
124,2019,0.0920 ,0.0319 ,6.336825731,9.902357551,0,0,0,0,0
124,2020,0.1209 ,0.0258 ,6.647688374,12.10071213,0,0,0,0,0
124,2021,0.1147 ,0.0422 ,6.913737351,12.29589507,0,0,0,0,0
124,2022,0.0991 ,0.0466 ,6.943122423,12.39862915,0,0,0,0,0
124,2023,0.1528 ,0.0520 ,7.252762418,12.46392509,0,0,0,0,0
125,2019,0.0697 ,0.0023 ,7.119635638,7.654727528,0,0,0,0,0
125,2020,0.0162 ,0.0023 ,7.28756064,10.00076489,0,0,0,0,0
125,2021,0.0538 ,0.0035 ,7.544332108,10.36277775,0,0,0,0,0
125,2022,0.0489 ,0.0035 ,7.360103973,10.42904414,0,0,0,0,0
125,2023,0.0518 ,0.0036 ,6.86171134,10.43460186,0,0,0,0,0
126,2019,0.1320 ,0.0209 ,7.571473649,8.905572271,0,0,0,0,0
126,2020,0.1764 ,0.0233 ,7.776115477,11.02865235,0,0,0,0,0
126,2021,0.1777 ,0.0315 ,8.102586425,11.39613319,0,0,0,0,0
126,2022,0.1884 ,0.0358 ,8.090402297,11.43343844,0,0,0,0,0
126,2023,0.1705 ,0.0353 ,7.933438388,11.45664385,0,0,0,0,0
127,2019,0.0690 ,0.0059 ,7.207118856,8.194877699,0,0,0,0,0
127,2020,0.0716 ,0.0046 ,7.557472902,10.58089374,0,0,0,0,0
127,2021,0.0788 ,0.0059 ,7.928766322,10.77597268,0,1,0,0,0
127,2022,0.0799 ,0.0069 ,7.820037989,10.79211928,0,0,2,0,0
127,2023,0.0793 ,0.0059 ,7.544332108,10.82740195,0,0,0,0,0
128,2019,0.2788 ,0.0095 ,6.668228248,8.166481739,0,0,0,0,0
128,2020,0.2355 ,0.0071 ,6.8134446,10.53695426,0,0,0,0,0
128,2021,0.2437 ,0.0124 ,7.153051635,10.7857043,0,2,0,0,0
128,2022,0.2325 ,0.0126 ,7.025538315,10.81959827,0,2,0,0,0
128,2023,0.2591 ,0.0122 ,6.956545443,10.85806702,0,2,0,0,0
129,2019,0.1715 ,0.0165 ,7.582738489,8.474433333,0,0,0,0,0
129,2020,0.1826 ,0.0210 ,7.677400431,10.81247166,0,0,0,0,0
129,2021,0.1804 ,0.0263 ,7.809541325,11.0279625,0,0,0,0,0
129,2022,0.1878 ,0.0352 ,7.593374193,11.06827764,0,0,0,0,0
129,2023,0.1915 ,0.0294 ,7.311218384,11.06146626,0,0,0,0,0
130,2019,0.1515 ,0.0202 ,7.519692404,8.630646869,0,0,0,0,0
130,2020,0.1569 ,0.0244 ,7.772331575,10.98441844,0,0,0,0,0
130,2021,0.1606 ,0.0295 ,7.888334501,11.22444307,0,0,0,0,0
130,2022,0.0737 ,0.0315 ,8.011355109,11.30331493,0,1,0,0,0
130,2023,0.1489 ,0.0333 ,7.788211558,11.33559145,0,0,0,0,0
131,2019,0.1445 ,0.0045 ,5.429345629,8.004332164,0,0,0,0,0
131,2020,0.1375 ,0.0046 ,5.659482216,10.38461656,0,0,0,0,0
131,2021,0.1376 ,0.0054 ,6.381816017,10.6015974,0,0,0,0,0
131,2022,0.1634 ,0.0062 ,6.558197803,10.71112346,0,0,0,0,0
131,2023,0.1923 ,0.0047 ,6.22059017,10.75545883,0,0,0,0,0
132,2019,0.1058 ,0.0159 ,7.079184395,8.65808493,0,0,0,0,0
132,2020,0.1167 ,0.0162 ,7.34536484,11.00941717,0,0,0,0,0
132,2021,0.1216 ,0.0232 ,7.723120092,11.18421304,0,1,0,0,0
132,2022,0.1272 ,0.0251 ,7.801800402,11.23004518,0,1,0,0,0
132,2023,0.1298 ,0.0246 ,7.705712824,11.27828369,0,0,0,0,0
133,2019,0.0932 ,0.0026 ,4.48863637,7.794651894,0,0,0,0,0
133,2020,0.1018 ,0.0031 ,2.944438979,10.17141784,0,0,0,0,0
133,2021,0.0922 ,0.0037 ,3.33220451,10.40183565,0,0,0,0,0
133,2022,0.0943 ,0.0030 ,3.912023005,10.46410284,2,1,0,0,0
133,2023,0.1092 ,0.0026 ,4.430816799,10.52679257,0,0,0,0,0
134,2019,0.0805 ,0.0038 ,6.514712691,8.318547112,0,0,0,0,0
134,2020,0.1188 ,0.0045 ,7.0800265,10.68532464,0,0,0,0,0
134,2021,0.1096 ,0.0052 ,7.549082711,10.91969601,0,0,0,0,0
134,2022,0.0979 ,0.0053 ,7.460490306,11.0409038,0,0,0,0,0
134,2023,0.0966 ,0.0054 ,7.344072851,11.07439895,0,3,0,0,0
135,2019,0.0789 ,0.0113 ,6.639875834,7.88743387,0,0,0,0,0
135,2020,0.0524 ,0.0000 ,6.70930434,3.309337908,0,0,0,0,0
135,2021,0.0473 ,0.0236 ,7.080867897,10.37161442,0,1,0,0,0
135,2022,0.0503 ,0.0269 ,6.801283034,10.40317134,0,0,0,0,0
135,2023,0.0435 ,0.0297 ,6.552507887,10.42101566,0,1,0,0,0
136,2019,0.0894 ,0.0264 ,6.688354714,9.150942706,0,0,0,0,0
136,2020,0.0919 ,0.0118 ,7.207118856,11.55708588,0,0,0,0,0
136,2021,0.0832 ,0.0323 ,7.502186487,11.55708588,0,0,0,0,0
136,2022,0.0805 ,0.0333 ,7.517520851,11.61292463,0,0,0,0,0
136,2023,0.0763 ,0.0332 ,6.9902565,11.61360837,0,1,0,0,0
137,2019,0.2951 ,0.0021 ,6.391917113,7.727799393,0,0,0,0,0
137,2020,0.2790 ,0.0034 ,6.961296046,10.04792031,0,0,0,0,0
137,2021,0.2973 ,0.0046 ,7.14440718,10.2182618,0,0,0,0,0
137,2022,0.2380 ,0.0050 ,6.980075941,10.25923707,0,3,0,0,0
137,2023,0.2006 ,0.0050 ,6.862757913,10.28727472,0,2,0,0,0
138,2019,0.0432 ,0.0105 ,5.455321115,9.188176559,0,0,0,0,0
138,2020,0.0405 ,0.0162 ,6.366470448,11.87374182,0,0,0,0,0
138,2021,0.0329 ,0.0118 ,6.603943825,11.76243048,0,1,0,0,0
138,2022,0.0313 ,0.0093 ,6.733401892,11.87371394,0,1,0,0,0
138,2023,0.0435 ,0.0089 ,6.553933404,11.75428128,0,0,0,0,0
139,2019,0.0365 ,0.0142 ,6.529418838,9.062823491,0,0,0,0,0
139,2020,0.0775 ,0.0155 ,6.957497371,11.11553046,0,0,0,0,0
139,2021,0.0642 ,0.0207 ,7.569411792,11.31772533,0,0,0,0,0
139,2022,0.0702 ,0.0247 ,7.483244416,11.43431506,0,0,0,0,0
139,2023,0.0527 ,0.0291 ,7.363279587,11.44007731,0,0,0,0,0
140,2019,0.0702 ,0.0047 ,4.955827058,8.720488473,0,0,0,0,0
140,2020,0.0798 ,0.0057 ,5.472270674,10.99385881,0,0,0,0,0
140,2021,0.0713 ,0.0067 ,6.068425588,11.04790142,0,0,0,0,0
140,2022,0.0532 ,0.0084 ,6.045005314,11.2426772,0,0,0,0,0
140,2023,0.0618 ,0.0095 ,5.958424693,11.2836914,0,0,0,0,0
141,2019,0.1054 ,0.0206 ,4.844187086,8.611320854,0,0,0,0,0
141,2020,0.1046 ,0.0137 ,4.990432587,11.10767533,0,0,0,0,0
141,2021,0.0945 ,0.0137 ,5.627621114,11.11266288,0,0,0,0,0
141,2022,0.0611 ,0.0174 ,5.455321115,11.10767533,0,0,0,0,0
141,2023,0.0500 ,0.0171 ,5.198497031,11.16988317,0,1,0,0,0